-3,-7,uPznKM+Ic4oRy8mTxm2izl68yI4=,Qhb92Z/KYp+dhmERG1AItujh5TQ=
-3,-6,uPznKM+Ic4oRy8mTxm2izl68yI4=,mN2NghgDGk6sbk6asv7Vy6Ak/q8=
-2,-6,uPznKM+Ic4oRy8mTxm2izl68yI4=,4fFP/g13NAFS0heS0GOBw2WZfNM=
-5,-1,uPznKM+Ic4oRy8mTxm2izl68yI4=,LXGkDYG124OScrIMhM7hDk3Pat8=
-2,-4,uPznKM+Ic4oRy8mTxm2izl68yI4=,5dNC5GvQHO1cpyQii+/ToN50xnA=
-4,-1,uPznKM+Ic4oRy8mTxm2izl68yI4=,alwM2wrFnmfvMa74wla7TzZn2LU=
-5,-5,uPznKM+Ic4oRy8mTxm2izl68yI4=,AUi1RHV7tQf83iO6pvrVwhw9Ld0=
-5,-2,uPznKM+Ic4oRy8mTxm2izl68yI4=,LXGkDYG124OScrIMhM7hDk3Pat8=
-4,-2,uPznKM+Ic4oRy8mTxm2izl68yI4=,alwM2wrFnmfvMa74wla7TzZn2LU=
-3,-5,uPznKM+Ic4oRy8mTxm2izl68yI4=,mN2NghgDGk6sbk6asv7Vy6Ak/q8=
-5,-3,uPznKM+Ic4oRy8mTxm2izl68yI4=,95vsdRzwHeQ9n8DAd7cR3zC13G8=
-3,-4,uPznKM+Ic4oRy8mTxm2izl68yI4=,zS1g+GCUHVCkR3sRSeIKkse1HHQ=
-6,-1,uPznKM+Ic4oRy8mTxm2izl68yI4=,LXGkDYG124OScrIMhM7hDk3Pat8=
-2,-5,uPznKM+Ic4oRy8mTxm2izl68yI4=,4fFP/g13NAFS0heS0GOBw2WZfNM=
-2,-2,uPznKM+Ic4oRy8mTxm2izl68yI4=,sf+wYuG++D1FwdyQLxcr8AqLsO8=
-1,-2,uPznKM+Ic4oRy8mTxm2izl68yI4=,sf+wYuG++D1FwdyQLxcr8AqLsO8=
-2,-1,uPznKM+Ic4oRy8mTxm2izl68yI4=,sf+wYuG++D1FwdyQLxcr8AqLsO8=
-2,-3,uPznKM+Ic4oRy8mTxm2izl68yI4=,5dNC5GvQHO1cpyQii+/ToN50xnA=
-3,-1,uPznKM+Ic4oRy8mTxm2izl68yI4=,alwM2wrFnmfvMa74wla7TzZn2LU=
-1,-3,uPznKM+Ic4oRy8mTxm2izl68yI4=,5dNC5GvQHO1cpyQii+/ToN50xnA=
-4,-5,uPznKM+Ic4oRy8mTxm2izl68yI4=,mN2NghgDGk6sbk6asv7Vy6Ak/q8=
-3,-2,uPznKM+Ic4oRy8mTxm2izl68yI4=,alwM2wrFnmfvMa74wla7TzZn2LU=
-3,-3,uPznKM+Ic4oRy8mTxm2izl68yI4=,zS1g+GCUHVCkR3sRSeIKkse1HHQ=
-5,-4,uPznKM+Ic4oRy8mTxm2izl68yI4=,95vsdRzwHeQ9n8DAd7cR3zC13G8=
-1,-1,uPznKM+Ic4oRy8mTxm2izl68yI4=,sf+wYuG++D1FwdyQLxcr8AqLsO8=
-3,-8,uPznKM+Ic4oRy8mTxm2izl68yI4=,Qhb92Z/KYp+dhmERG1AItujh5TQ=
-6,-8,uPznKM+Ic4oRy8mTxm2izl68yI4=,2IOs5bjz3EVANKImUpz/E3CX150=
-4,-8,uPznKM+Ic4oRy8mTxm2izl68yI4=,Qhb92Z/KYp+dhmERG1AItujh5TQ=
-4,-4,uPznKM+Ic4oRy8mTxm2izl68yI4=,zS1g+GCUHVCkR3sRSeIKkse1HHQ=
-5,-8,uPznKM+Ic4oRy8mTxm2izl68yI4=,2IOs5bjz3EVANKImUpz/E3CX150=
-6,-7,uPznKM+Ic4oRy8mTxm2izl68yI4=,2IOs5bjz3EVANKImUpz/E3CX150=
-6,-6,uPznKM+Ic4oRy8mTxm2izl68yI4=,AUi1RHV7tQf83iO6pvrVwhw9Ld0=
-4,-6,uPznKM+Ic4oRy8mTxm2izl68yI4=,mN2NghgDGk6sbk6asv7Vy6Ak/q8=
-1,-6,uPznKM+Ic4oRy8mTxm2izl68yI4=,4fFP/g13NAFS0heS0GOBw2WZfNM=
-6,-5,uPznKM+Ic4oRy8mTxm2izl68yI4=,AUi1RHV7tQf83iO6pvrVwhw9Ld0=
-7,-4,uPznKM+Ic4oRy8mTxm2izl68yI4=,Q33tFHRGZe60od/0iv2HOquLTZE=
-5,-6,uPznKM+Ic4oRy8mTxm2izl68yI4=,AUi1RHV7tQf83iO6pvrVwhw9Ld0=
-8,-4,uPznKM+Ic4oRy8mTxm2izl68yI4=,Q33tFHRGZe60od/0iv2HOquLTZE=
-8,-3,uPznKM+Ic4oRy8mTxm2izl68yI4=,Q33tFHRGZe60od/0iv2HOquLTZE=
-6,-4,uPznKM+Ic4oRy8mTxm2izl68yI4=,95vsdRzwHeQ9n8DAd7cR3zC13G8=
-5,-7,uPznKM+Ic4oRy8mTxm2izl68yI4=,2IOs5bjz3EVANKImUpz/E3CX150=
-1,-4,uPznKM+Ic4oRy8mTxm2izl68yI4=,5dNC5GvQHO1cpyQii+/ToN50xnA=
-6,-2,uPznKM+Ic4oRy8mTxm2izl68yI4=,LXGkDYG124OScrIMhM7hDk3Pat8=
-4,-7,uPznKM+Ic4oRy8mTxm2izl68yI4=,Qhb92Z/KYp+dhmERG1AItujh5TQ=
-4,-3,uPznKM+Ic4oRy8mTxm2izl68yI4=,zS1g+GCUHVCkR3sRSeIKkse1HHQ=
-7,-3,uPznKM+Ic4oRy8mTxm2izl68yI4=,Q33tFHRGZe60od/0iv2HOquLTZE=
-1,-5,uPznKM+Ic4oRy8mTxm2izl68yI4=,4fFP/g13NAFS0heS0GOBw2WZfNM=
-6,-3,uPznKM+Ic4oRy8mTxm2izl68yI4=,95vsdRzwHeQ9n8DAd7cR3zC13G8=
