-5,1,XgDffrdzw4PSBGfLxQqSBTSYlgo=,MMRkPm65+HNEqI0WJSOypktUwG4=
-4,1,XgDffrdzw4PSBGfLxQqSBTSYlgo=,V2voPsbvypy3yuyCceSzegnWwuk=
-3,4,XgDffrdzw4PSBGfLxQqSBTSYlgo=,U48qJuR2rbPFmqwaSSfM0in8Hds=
-2,3,XgDffrdzw4PSBGfLxQqSBTSYlgo=,dBtj55vwOY9vXraI1Ze5+va4J9M=
-3,3,XgDffrdzw4PSBGfLxQqSBTSYlgo=,vjnGLjm1dtxvhu1I3hwRX8vxEp4=
-5,3,XgDffrdzw4PSBGfLxQqSBTSYlgo=,IKwP65TwmyQDxa1TsbPUHbIlrUY=
-4,2,XgDffrdzw4PSBGfLxQqSBTSYlgo=,vjnGLjm1dtxvhu1I3hwRX8vxEp4=
-5,2,XgDffrdzw4PSBGfLxQqSBTSYlgo=,IKwP65TwmyQDxa1TsbPUHbIlrUY=
-4,4,XgDffrdzw4PSBGfLxQqSBTSYlgo=,U48qJuR2rbPFmqwaSSfM0in8Hds=
-4,3,XgDffrdzw4PSBGfLxQqSBTSYlgo=,vjnGLjm1dtxvhu1I3hwRX8vxEp4=
-2,1,XgDffrdzw4PSBGfLxQqSBTSYlgo=,Uw+pqxkfXdyMQyV5RL28Ns3AYCA=
-2,2,XgDffrdzw4PSBGfLxQqSBTSYlgo=,dBtj55vwOY9vXraI1Ze5+va4J9M=
-3,2,XgDffrdzw4PSBGfLxQqSBTSYlgo=,vjnGLjm1dtxvhu1I3hwRX8vxEp4=
-1,3,XgDffrdzw4PSBGfLxQqSBTSYlgo=,dBtj55vwOY9vXraI1Ze5+va4J9M=
-5,0,XgDffrdzw4PSBGfLxQqSBTSYlgo=,MMRkPm65+HNEqI0WJSOypktUwG4=
-2,0,XgDffrdzw4PSBGfLxQqSBTSYlgo=,Uw+pqxkfXdyMQyV5RL28Ns3AYCA=
-3,0,XgDffrdzw4PSBGfLxQqSBTSYlgo=,V2voPsbvypy3yuyCceSzegnWwuk=
-4,0,XgDffrdzw4PSBGfLxQqSBTSYlgo=,V2voPsbvypy3yuyCceSzegnWwuk=
-4,9,XgDffrdzw4PSBGfLxQqSBTSYlgo=,kmkmYF2QNUd9PdyKtiIm9tf/I1U=
-2,9,XgDffrdzw4PSBGfLxQqSBTSYlgo=,rpHnD0ryZ3w8tTPM6mbah55qVOk=
-3,1,XgDffrdzw4PSBGfLxQqSBTSYlgo=,V2voPsbvypy3yuyCceSzegnWwuk=
-1,0,XgDffrdzw4PSBGfLxQqSBTSYlgo=,Uw+pqxkfXdyMQyV5RL28Ns3AYCA=
-1,1,XgDffrdzw4PSBGfLxQqSBTSYlgo=,Uw+pqxkfXdyMQyV5RL28Ns3AYCA=
-3,9,XgDffrdzw4PSBGfLxQqSBTSYlgo=,kmkmYF2QNUd9PdyKtiIm9tf/I1U=
-1,2,XgDffrdzw4PSBGfLxQqSBTSYlgo=,dBtj55vwOY9vXraI1Ze5+va4J9M=
-1,6,XgDffrdzw4PSBGfLxQqSBTSYlgo=,3mCAvN0hwePNKHodMIad3adSCwQ=
-1,7,XgDffrdzw4PSBGfLxQqSBTSYlgo=,3mCAvN0hwePNKHodMIad3adSCwQ=
-16,10,XgDffrdzw4PSBGfLxQqSBTSYlgo=,4XUKF5q7iNVuX5vx6l29uoMZ30o=
-1,8,XgDffrdzw4PSBGfLxQqSBTSYlgo=,rpHnD0ryZ3w8tTPM6mbah55qVOk=
-14,10,XgDffrdzw4PSBGfLxQqSBTSYlgo=,4CSIJev6BiW14XPW9dk8VE+4iOE=
-14,9,XgDffrdzw4PSBGfLxQqSBTSYlgo=,ITkO4ZzEnVB7YcrisvYNy37pXZw=
-15,10,XgDffrdzw4PSBGfLxQqSBTSYlgo=,4XUKF5q7iNVuX5vx6l29uoMZ30o=
-4,8,XgDffrdzw4PSBGfLxQqSBTSYlgo=,kmkmYF2QNUd9PdyKtiIm9tf/I1U=
-10,5,XgDffrdzw4PSBGfLxQqSBTSYlgo=,NbExPdxvKmeNdRB/KHSutBh9bqE=
-11,6,XgDffrdzw4PSBGfLxQqSBTSYlgo=,4W0c4UG0/16+oZZSKSm+secRM6Q=
-11,5,XgDffrdzw4PSBGfLxQqSBTSYlgo=,6jNQBseLPFDfFuoPy+XX6u0/1j0=
-16,11,XgDffrdzw4PSBGfLxQqSBTSYlgo=,4XUKF5q7iNVuX5vx6l29uoMZ30o=
-3,5,XgDffrdzw4PSBGfLxQqSBTSYlgo=,U48qJuR2rbPFmqwaSSfM0in8Hds=
-3,8,XgDffrdzw4PSBGfLxQqSBTSYlgo=,kmkmYF2QNUd9PdyKtiIm9tf/I1U=
-4,7,XgDffrdzw4PSBGfLxQqSBTSYlgo=,r36dNFzk7Gh7WPoDG/R1QnXUvbQ=
-1,9,XgDffrdzw4PSBGfLxQqSBTSYlgo=,rpHnD0ryZ3w8tTPM6mbah55qVOk=
-14,11,XgDffrdzw4PSBGfLxQqSBTSYlgo=,4CSIJev6BiW14XPW9dk8VE+4iOE=
-13,10,XgDffrdzw4PSBGfLxQqSBTSYlgo=,4CSIJev6BiW14XPW9dk8VE+4iOE=
-13,9,XgDffrdzw4PSBGfLxQqSBTSYlgo=,ITkO4ZzEnVB7YcrisvYNy37pXZw=
-13,11,XgDffrdzw4PSBGfLxQqSBTSYlgo=,4CSIJev6BiW14XPW9dk8VE+4iOE=
-10,4,XgDffrdzw4PSBGfLxQqSBTSYlgo=,NbExPdxvKmeNdRB/KHSutBh9bqE=
-12,9,XgDffrdzw4PSBGfLxQqSBTSYlgo=,faylAYJERKiPIBiJIc6MkbCUOwQ=
-12,4,XgDffrdzw4PSBGfLxQqSBTSYlgo=,6jNQBseLPFDfFuoPy+XX6u0/1j0=
-2,8,XgDffrdzw4PSBGfLxQqSBTSYlgo=,rpHnD0ryZ3w8tTPM6mbah55qVOk=
-11,7,XgDffrdzw4PSBGfLxQqSBTSYlgo=,4W0c4UG0/16+oZZSKSm+secRM6Q=
-11,4,XgDffrdzw4PSBGfLxQqSBTSYlgo=,6jNQBseLPFDfFuoPy+XX6u0/1j0=
-15,11,XgDffrdzw4PSBGfLxQqSBTSYlgo=,4XUKF5q7iNVuX5vx6l29uoMZ30o=
-2,6,XgDffrdzw4PSBGfLxQqSBTSYlgo=,3mCAvN0hwePNKHodMIad3adSCwQ=
-11,8,XgDffrdzw4PSBGfLxQqSBTSYlgo=,faylAYJERKiPIBiJIc6MkbCUOwQ=
-11,9,XgDffrdzw4PSBGfLxQqSBTSYlgo=,faylAYJERKiPIBiJIc6MkbCUOwQ=
-4,6,XgDffrdzw4PSBGfLxQqSBTSYlgo=,r36dNFzk7Gh7WPoDG/R1QnXUvbQ=
-6,3,XgDffrdzw4PSBGfLxQqSBTSYlgo=,IKwP65TwmyQDxa1TsbPUHbIlrUY=
-7,5,XgDffrdzw4PSBGfLxQqSBTSYlgo=,pq8+83hK7cnW7bb5fcGzzbBlzxI=
-8,5,XgDffrdzw4PSBGfLxQqSBTSYlgo=,pq8+83hK7cnW7bb5fcGzzbBlzxI=
-6,1,XgDffrdzw4PSBGfLxQqSBTSYlgo=,MMRkPm65+HNEqI0WJSOypktUwG4=
-6,2,XgDffrdzw4PSBGfLxQqSBTSYlgo=,IKwP65TwmyQDxa1TsbPUHbIlrUY=
-6,0,XgDffrdzw4PSBGfLxQqSBTSYlgo=,MMRkPm65+HNEqI0WJSOypktUwG4=
-9,4,XgDffrdzw4PSBGfLxQqSBTSYlgo=,NbExPdxvKmeNdRB/KHSutBh9bqE=
-9,5,XgDffrdzw4PSBGfLxQqSBTSYlgo=,NbExPdxvKmeNdRB/KHSutBh9bqE=
-8,4,XgDffrdzw4PSBGfLxQqSBTSYlgo=,pq8+83hK7cnW7bb5fcGzzbBlzxI=
-3,7,XgDffrdzw4PSBGfLxQqSBTSYlgo=,r36dNFzk7Gh7WPoDG/R1QnXUvbQ=
-2,7,XgDffrdzw4PSBGfLxQqSBTSYlgo=,3mCAvN0hwePNKHodMIad3adSCwQ=
-7,4,XgDffrdzw4PSBGfLxQqSBTSYlgo=,pq8+83hK7cnW7bb5fcGzzbBlzxI=
-3,6,XgDffrdzw4PSBGfLxQqSBTSYlgo=,r36dNFzk7Gh7WPoDG/R1QnXUvbQ=
-4,5,XgDffrdzw4PSBGfLxQqSBTSYlgo=,U48qJuR2rbPFmqwaSSfM0in8Hds=
-14,6,XgDffrdzw4PSBGfLxQqSBTSYlgo=,RCvFCfRFBuh38cEh3fX3W+9hEdA=
-13,6,XgDffrdzw4PSBGfLxQqSBTSYlgo=,RCvFCfRFBuh38cEh3fX3W+9hEdA=
-12,5,XgDffrdzw4PSBGfLxQqSBTSYlgo=,6jNQBseLPFDfFuoPy+XX6u0/1j0=
-12,7,XgDffrdzw4PSBGfLxQqSBTSYlgo=,4W0c4UG0/16+oZZSKSm+secRM6Q=
-13,8,XgDffrdzw4PSBGfLxQqSBTSYlgo=,ITkO4ZzEnVB7YcrisvYNy37pXZw=
-12,6,XgDffrdzw4PSBGfLxQqSBTSYlgo=,4W0c4UG0/16+oZZSKSm+secRM6Q=
-14,8,XgDffrdzw4PSBGfLxQqSBTSYlgo=,ITkO4ZzEnVB7YcrisvYNy37pXZw=
-12,8,XgDffrdzw4PSBGfLxQqSBTSYlgo=,faylAYJERKiPIBiJIc6MkbCUOwQ=
-14,7,XgDffrdzw4PSBGfLxQqSBTSYlgo=,RCvFCfRFBuh38cEh3fX3W+9hEdA=
-13,7,XgDffrdzw4PSBGfLxQqSBTSYlgo=,RCvFCfRFBuh38cEh3fX3W+9hEdA=
