3,-3,XgDffrdzw4PSBGfLxQqSBTSYlgo=,HsK1O5pLC9OB1F9uLCpInNhwjTM=
3,-5,XgDffrdzw4PSBGfLxQqSBTSYlgo=,CFiUWelY0CRx0u3E+sn9VSdzbYA=
4,-3,XgDffrdzw4PSBGfLxQqSBTSYlgo=,Tq3NsTPoSKwN/7uokOZiyzDtQrY=
3,-4,XgDffrdzw4PSBGfLxQqSBTSYlgo=,HsK1O5pLC9OB1F9uLCpInNhwjTM=
4,-4,XgDffrdzw4PSBGfLxQqSBTSYlgo=,Tq3NsTPoSKwN/7uokOZiyzDtQrY=
3,-8,XgDffrdzw4PSBGfLxQqSBTSYlgo=,P72PvX3IarA9xzDEXYGyp7GnpbU=
5,-3,XgDffrdzw4PSBGfLxQqSBTSYlgo=,Tq3NsTPoSKwN/7uokOZiyzDtQrY=
5,-4,XgDffrdzw4PSBGfLxQqSBTSYlgo=,Tq3NsTPoSKwN/7uokOZiyzDtQrY=
3,-7,XgDffrdzw4PSBGfLxQqSBTSYlgo=,P72PvX3IarA9xzDEXYGyp7GnpbU=
3,-6,XgDffrdzw4PSBGfLxQqSBTSYlgo=,CFiUWelY0CRx0u3E+sn9VSdzbYA=
1,-3,XgDffrdzw4PSBGfLxQqSBTSYlgo=,PSG3qnrcFYpQHipGdEy0F1Ch3hU=
0,-3,XgDffrdzw4PSBGfLxQqSBTSYlgo=,PSG3qnrcFYpQHipGdEy0F1Ch3hU=
0,-2,XgDffrdzw4PSBGfLxQqSBTSYlgo=,lZl0hiGLGmTOqEL/zG8ZhuhevBk=
2,-3,XgDffrdzw4PSBGfLxQqSBTSYlgo=,HsK1O5pLC9OB1F9uLCpInNhwjTM=
1,-1,XgDffrdzw4PSBGfLxQqSBTSYlgo=,lZl0hiGLGmTOqEL/zG8ZhuhevBk=
1,-2,XgDffrdzw4PSBGfLxQqSBTSYlgo=,lZl0hiGLGmTOqEL/zG8ZhuhevBk=
0,-1,XgDffrdzw4PSBGfLxQqSBTSYlgo=,lZl0hiGLGmTOqEL/zG8ZhuhevBk=
2,-8,XgDffrdzw4PSBGfLxQqSBTSYlgo=,P72PvX3IarA9xzDEXYGyp7GnpbU=
1,-8,XgDffrdzw4PSBGfLxQqSBTSYlgo=,qXsCWreYWNon7Fy38zKTYK6Ppg8=
0,-8,XgDffrdzw4PSBGfLxQqSBTSYlgo=,qXsCWreYWNon7Fy38zKTYK6Ppg8=
2,-7,XgDffrdzw4PSBGfLxQqSBTSYlgo=,P72PvX3IarA9xzDEXYGyp7GnpbU=
2,-4,XgDffrdzw4PSBGfLxQqSBTSYlgo=,HsK1O5pLC9OB1F9uLCpInNhwjTM=
2,-5,XgDffrdzw4PSBGfLxQqSBTSYlgo=,CFiUWelY0CRx0u3E+sn9VSdzbYA=
1,-6,XgDffrdzw4PSBGfLxQqSBTSYlgo=,8i8Z4VlZKBGIRQRBuJxsqm5YuQc=
1,-7,XgDffrdzw4PSBGfLxQqSBTSYlgo=,qXsCWreYWNon7Fy38zKTYK6Ppg8=
0,-6,XgDffrdzw4PSBGfLxQqSBTSYlgo=,8i8Z4VlZKBGIRQRBuJxsqm5YuQc=
0,-7,XgDffrdzw4PSBGfLxQqSBTSYlgo=,qXsCWreYWNon7Fy38zKTYK6Ppg8=
1,-4,XgDffrdzw4PSBGfLxQqSBTSYlgo=,PSG3qnrcFYpQHipGdEy0F1Ch3hU=
2,-6,XgDffrdzw4PSBGfLxQqSBTSYlgo=,CFiUWelY0CRx0u3E+sn9VSdzbYA=
0,-4,XgDffrdzw4PSBGfLxQqSBTSYlgo=,PSG3qnrcFYpQHipGdEy0F1Ch3hU=
1,-5,XgDffrdzw4PSBGfLxQqSBTSYlgo=,8i8Z4VlZKBGIRQRBuJxsqm5YuQc=
0,-5,XgDffrdzw4PSBGfLxQqSBTSYlgo=,8i8Z4VlZKBGIRQRBuJxsqm5YuQc=
