-1,-1,uPznKM+Ic4oRy8mTxm2izl68yI4=,oLGaaMmRtWB8kD0yMfC+nRgnP6w=
-1,-2,uPznKM+Ic4oRy8mTxm2izl68yI4=,oLGaaMmRtWB8kD0yMfC+nRgnP6w=
-1,-3,uPznKM+Ic4oRy8mTxm2izl68yI4=,oLGaaMmRtWB8kD0yMfC+nRgnP6w=
-2,-2,uPznKM+Ic4oRy8mTxm2izl68yI4=,oLGaaMmRtWB8kD0yMfC+nRgnP6w=
-2,-1,uPznKM+Ic4oRy8mTxm2izl68yI4=,oLGaaMmRtWB8kD0yMfC+nRgnP6w=
-2,-4,uPznKM+Ic4oRy8mTxm2izl68yI4=,oLGaaMmRtWB8kD0yMfC+nRgnP6w=
-2,-3,uPznKM+Ic4oRy8mTxm2izl68yI4=,oLGaaMmRtWB8kD0yMfC+nRgnP6w=
-3,-3,uPznKM+Ic4oRy8mTxm2izl68yI4=,oLGaaMmRtWB8kD0yMfC+nRgnP6w=
-3,-4,uPznKM+Ic4oRy8mTxm2izl68yI4=,oLGaaMmRtWB8kD0yMfC+nRgnP6w=
-3,-1,uPznKM+Ic4oRy8mTxm2izl68yI4=,oLGaaMmRtWB8kD0yMfC+nRgnP6w=
-3,-2,uPznKM+Ic4oRy8mTxm2izl68yI4=,oLGaaMmRtWB8kD0yMfC+nRgnP6w=
-4,-2,uPznKM+Ic4oRy8mTxm2izl68yI4=,oLGaaMmRtWB8kD0yMfC+nRgnP6w=
