-2,4,uPznKM+Ic4oRy8mTxm2izl68yI4=,4CGXQMaqDra9D+ofOvWfXV62r5o=
-2,2,uPznKM+Ic4oRy8mTxm2izl68yI4=,4CGXQMaqDra9D+ofOvWfXV62r5o=
-2,3,uPznKM+Ic4oRy8mTxm2izl68yI4=,4CGXQMaqDra9D+ofOvWfXV62r5o=
-2,0,uPznKM+Ic4oRy8mTxm2izl68yI4=,4CGXQMaqDra9D+ofOvWfXV62r5o=
-2,1,uPznKM+Ic4oRy8mTxm2izl68yI4=,4CGXQMaqDra9D+ofOvWfXV62r5o=
-8,5,uPznKM+Ic4oRy8mTxm2izl68yI4=,4CGXQMaqDra9D+ofOvWfXV62r5o=
-1,4,uPznKM+Ic4oRy8mTxm2izl68yI4=,4CGXQMaqDra9D+ofOvWfXV62r5o=
-1,3,uPznKM+Ic4oRy8mTxm2izl68yI4=,4CGXQMaqDra9D+ofOvWfXV62r5o=
-1,1,uPznKM+Ic4oRy8mTxm2izl68yI4=,4CGXQMaqDra9D+ofOvWfXV62r5o=
-7,3,uPznKM+Ic4oRy8mTxm2izl68yI4=,4CGXQMaqDra9D+ofOvWfXV62r5o=
-1,0,uPznKM+Ic4oRy8mTxm2izl68yI4=,4CGXQMaqDra9D+ofOvWfXV62r5o=
-7,5,uPznKM+Ic4oRy8mTxm2izl68yI4=,4CGXQMaqDra9D+ofOvWfXV62r5o=
-7,4,uPznKM+Ic4oRy8mTxm2izl68yI4=,4CGXQMaqDra9D+ofOvWfXV62r5o=
-6,2,uPznKM+Ic4oRy8mTxm2izl68yI4=,4CGXQMaqDra9D+ofOvWfXV62r5o=
-6,3,uPznKM+Ic4oRy8mTxm2izl68yI4=,4CGXQMaqDra9D+ofOvWfXV62r5o=
-6,4,uPznKM+Ic4oRy8mTxm2izl68yI4=,4CGXQMaqDra9D+ofOvWfXV62r5o=
-5,2,uPznKM+Ic4oRy8mTxm2izl68yI4=,4CGXQMaqDra9D+ofOvWfXV62r5o=
-4,2,uPznKM+Ic4oRy8mTxm2izl68yI4=,4CGXQMaqDra9D+ofOvWfXV62r5o=
-3,1,uPznKM+Ic4oRy8mTxm2izl68yI4=,4CGXQMaqDra9D+ofOvWfXV62r5o=
-3,0,uPznKM+Ic4oRy8mTxm2izl68yI4=,4CGXQMaqDra9D+ofOvWfXV62r5o=
